<?xml version="1.0" encoding="UTF-8"?>
<project-private xmlns="http://www.netbeans.org/ns/project-private/1">
    <editor-bookmarks xmlns="http://www.netbeans.org/ns/editor-bookmarks/2" lastBookmarkId="0"/>
    <open-files xmlns="http://www.netbeans.org/ns/projectui-open-files/2">
        <group>
            <file>file:/home/adminroot/NetBeansProjects/FXEjercicios_2/ProyectBase2223/src/Pago/Credito.java</file>
            <file>file:/home/adminroot/NetBeansProjects/FXEjercicios_2/ProyectBase2223/src/Pago/Paypal.java</file>
            <file>file:/home/adminroot/NetBeansProjects/FXEjercicios_2/ProyectBase2223/src/Pago/Pago.java</file>
            <file>file:/home/adminroot/NetBeansProjects/FXEjercicios_2/ProyectBase2223/src/Suscripcion/Suscripcion.java</file>
        </group>
    </open-files>
</project-private>
